{
  "fullstack": [
    {
      "id": 1,
      "farstname": "durga",
      "lastname": "prasad",
      "email": "durga@123",
      "mobile": "123456789",
      "gender": "male",
      "qalification": "Bachelor of Computer science",
      "inter college": "NRI junior college",
      "intermarks": "79%",
      "degree college": "Sindhu degree college",
      "degree marks": "75%"
    }
  ],
  "frontend": [
    {
      "id": 1,
      "farstname": "durga",
      "lastname": "prasad",
      "email": "durga@123",
      "mobile": "123456789",
      "gender": "male",
      "qalification": "Bachelor of Computer science",
      "inter college": "NRI junior college",
      "intermarks": "79%",
      "degree college": "Sindhu degree college",
      "degree marks": "75%"
    }
  ],
  "java": [
    {
      "id": 1,
      "farstname": "durga",
      "lastname": "prasad",
      "email": "durga@123",
      "mobile": "123456789",
      "gender": "male",
      "qalification": "Bachelor of Computer science",
      "inter college": "NRI junior college",
      "intermarks": "79%",
      "degree college": "Sindhu degree college",
      "degree marks": "75%"
    }
  ],
  "dellBoomi": [
    {
      "id": 1,
      "farstname": "durga",
      "lastname": "prasad",
      "email": "durga@123",
      "mobile": "123456789",
      "gender": "male",
      "qalification": "Bachelor of Computer science",
      "inter college": "NRI junior college",
      "intermarks": "79%",
      "degree college": "Sindhu degree college",
      "degree marks": "75%"
    }
  ],
  "python": [
    {
      "id": 1,
      "farstname": "durga",
      "lastname": "prasad",
      "email": "durga@123",
      "mobile": "123456789",
      "gender": "male",
      "qalification": "Bachelor of Computer science",
      "inter college": "NRI junior college",
      "intermarks": "79%",
      "degree college": "Sindhu degree college",
      "degree marks": "75%"
    }
  ],
  "idm": [
    {
      "id": 1,
      "firstname": "durga",
      "lastname": "prasad",
      "email": "durga@123",
      "mobile": "123456789",
      "gender": "male",
      "qalification": "Bachelor of Computer science",
      "inter college": "NRI junior college",
      "intermarks": "79%",
      "degree college": "Sindhu degree college",
      "degree marks": "75%"
    }
  ],
  "users": [
    {
      "id": 1,
      "username": "durga",
      "password": "durga@123"
    }
  ],
  "registration": [
    {
      "id": 1,
      "name": "durgaprasad",
      "email": "durga@123gmail.com",
      "phone": "1234567890",
      "username": "durga",
      "password": "durga@123",
      "passwordconfirmation": "durga@123"
    },
    {
      "name": "Manikarthik Chandankeri",
      "email": "manikarthik.chandankeri@ojas-it.com",
      "phone": "9398124090",
      "username": "manikarthik",
      "password": "mani@123",
      "passwordconfirmation": "mani@123",
      "id": 2
    },
    {
      "name": "kumar Goud",
      "email": "kumar123@gmail.com",
      "phone": "1234567890",
      "username": "kumar",
      "password": "kumar@123",
      "passwordconfirmation": "kumar@123",
      "id": 3
    },
    {
      "name": "Amer Md",
      "email": "amer123@gmail.com",
      "phone": "9876543210",
      "username": "amer",
      "password": "amer@123",
      "passwordconfirmation": "amer@123",
      "id": 5
    },
    {
      "name": "osman",
      "email": "osmankhan@123",
      "phone": "1234567891",
      "username": "osman",
      "password": "osamn@123",
      "passwordconfirmation": "osman@123",
      "id": 6
    },
    {
      "name": "osman",
      "email": "osmankhan@123",
      "phone": "1234567891",
      "username": "osman",
      "password": "osman@123",
      "passwordconfirmation": "osman@123",
      "id": 7
    },
    {
      "name": "osman",
      "email": "osmankhan@gmail.com",
      "phone": "1234567891",
      "username": "osman",
      "password": "osman@123",
      "passwordconfirmation": "osman@123",
      "id": 8
    }
  ],
  "userRows": [
    {
      "id": 1,
      "username": "Kumar Goud ",
      "avatar": "https://wallpapercave.com/wp/wp6538674.jpg",
      "email": "kumar123@gmail.com",
      "status": "active",
      "transaction": "$120.00"
    },
    {
      "id": 2,
      "username": "Kumar Goud ",
      "avatar": "https://wallpapercave.com/wp/wp6538674.jpg",
      "email": "kumar123@gmail.com",
      "status": "active",
      "transaction": "$120.00"
    },
    {
      "id": 3,
      "username": "Kumar Goud ",
      "avatar": "https://wallpapercave.com/wp/wp6538674.jpg",
      "email": "kumar123@gmail.com",
      "status": "active",
      "transaction": "$120.00"
    },
    {
      "id": 4,
      "username": "Kumar Goud ",
      "avatar": "https://wallpapercave.com/wp/wp6538674.jpg",
      "email": "kumar123@gmail.com",
      "status": "active",
      "transaction": "$120.00"
    },
    {
      "id": 5,
      "username": "Kumar Goud ",
      "avatar": "https://wallpapercave.com/wp/wp6538674.jpg",
      "email": "kumar123@gmail.com",
      "status": "active",
      "transaction": "$120.00"
    },
    {
      "id": 6,
      "username": "Kumar Goud ",
      "avatar": "https://wallpapercave.com/wp/wp6538674.jpg",
      "email": "kumar123@gmail.com",
      "status": "active",
      "transaction": "$120.00"
    }
  ]
}